{"cameraMode":{"drawMode":0,"name":"Shaded","section":"Shading Mode"},"sceneLighting":true,"audioPlay":false,"sceneViewState":{"showFog":true,"showMaterialUpdate":false,"showSkybox":true,"showFlares":true,"showImageEffects":true,"showParticleSystems":true},"in2DMode":false,"pivot":{"x":-3.096224308013916,"y":0.5937700271606445,"z":-7.426050186157227},"rotation":{"x":-0.30085617303848269,"y":0.17101074755191804,"z":-0.0549323596060276,"w":-0.9366027116775513},"size":3.358581304550171,"orthographic":false}